{
  "project_info": {
    "project_number": "282563885389",
    "project_id": "kwatr0",
    "storage_bucket": "kwatr0.firebasestorage.app"
  },
  "client": [
    {
      "client_info": {
        "mobilesdk_app_id": "1:282563885389:android:04eeb1d860394ac66e1f04",
        "android_client_info": {
          "package_name": "com.example.mobprog_final_na_talaga"
        }
      },
      "oauth_client": [],
      "api_key": [
        {
          "current_key": "AIzaSyC0D0sht-6-CyUPMETWtgXpkkIRNqogCt4"
        }
      ],
      "services": {
        "appinvite_service": {
          "other_platform_oauth_client": []
        }
      }
    }
  ],
  "configuration_version": "1"
}